status_id,handle,screen_name,url,created_at,text,context,is_quote_tweet,is_retweet,quoted_handle,quoted_text,profile_image_url,media,reply_count,retweet_count,like_count
997951982467014656,realDonaldTrump,Donald J. Trump,https://twitter.com/realDonaldTrump/status/997951982467014656,2018-05-19T21:27:48Z,"If the FBI or DOJ was infiltrating a campaign for the benefit of another campaign, that is a really big deal. Only the release or review of documents that the House Intelligence Committee (also, Senate Judiciary) is asking for can give the conclusive answers. Drain the Swamp!",NA,FALSE,FALSE,NA,NA,https://pbs.twimg.com/profile_images/874276197357596672/kUuht00m_bigger.jpg,NA,35004,31377,115193
997909163379449857,realDonaldTrump,Donald J. Trump,https://twitter.com/realDonaldTrump/status/997909163379449857,2018-05-19T18:37:39Z,Great to have our incredible First Lady back home in the White House. Melania is feeling and doing really well. Thank you for all of your prayers and best wishes!,NA,FALSE,FALSE,NA,NA,https://pbs.twimg.com/profile_images/874276197357596672/kUuht00m_bigger.jpg,NA,16657,20544,145731
997899870903169024,realDonaldTrump,Donald J. Trump,https://twitter.com/realDonaldTrump/status/997899870903169024,2018-05-19T18:00:43Z,Happy #ArmedForcesDay to our GREAT military men and women for their selfless service to our Nation!,NA,FALSE,FALSE,NA,NA,https://pbs.twimg.com/profile_images/874276197357596672/kUuht00m_bigger.jpg,NA,6298,15106,69522
997612079375945728,realDonaldTrump,Donald J. Trump,https://twitter.com/realDonaldTrump/status/997612079375945728,2018-05-18T22:57:09Z,"America is blessed with extraordinary energy abundance, including more than 250 years worth of beautiful clean coal. We have ended the war on coal, and will continue to work to promote American energy dominance!",NA,FALSE,FALSE,NA,NA,https://pbs.twimg.com/profile_images/874276197357596672/kUuht00m_bigger.jpg,NA,31687,17465,90380
997597940444221440,realDonaldTrump,Donald J. Trump,https://twitter.com/realDonaldTrump/status/997597940444221440,2018-05-18T22:00:58Z,"California finally deserves a great Governor, one who understands borders, crime and lowering taxes. John Cox is the man - he’ll be the best Governor you’ve ever had. I fully endorse John Cox for Governor and look forward to working with him to Make California Great Again!",NA,FALSE,FALSE,NA,NA,https://pbs.twimg.com/profile_images/874276197357596672/kUuht00m_bigger.jpg,NA,21123,21732,93200
997577906007298048,realDonaldTrump,Donald J. Trump,https://twitter.com/realDonaldTrump/status/997577906007298048,2018-05-18T20:41:21Z,"Just met with UN Secretary-General António Guterres who is working hard to “Make the United Nations Great Again.” When the UN does more to solve conflicts around the world, it means the U.S. has less to do and we save money. @NikkiHaley is doing a fantastic job!",NA,FALSE,FALSE,NA,NA,https://pbs.twimg.com/profile_images/874276197357596672/kUuht00m_bigger.jpg,NA,6681,9462,47686
997573139663028224,realDonaldTrump,Donald J. Trump,https://twitter.com/realDonaldTrump/status/997573139663028224,2018-05-18T20:22:25Z,America is a Nation that believes in the power of redemption. America is a Nation that believes in second chances - and America is a Nation that believes that the best is always yet to come! #PrisonReform,NA,FALSE,FALSE,NA,NA,https://pbs.twimg.com/profile_images/874276197357596672/kUuht00m_bigger.jpg,NA,8893,12559,56309
997515759281680385,realDonaldTrump,Donald J. Trump,https://twitter.com/realDonaldTrump/status/997515759281680385,2018-05-18T16:34:24Z,"We grieve for the terrible loss of life, and send our support and love to everyone affected by this horrible attack in Texas. To the students, families, teachers and personnel at Santa Fe High School – we are with you in this tragic hour, and we will be with you forever...",NA,FALSE,FALSE,NA,NA,https://pbs.twimg.com/profile_images/874276197357596672/kUuht00m_bigger.jpg,NA,33601,15293,73761
997493407097524224,realDonaldTrump,Donald J. Trump,https://twitter.com/realDonaldTrump/status/997493407097524224,2018-05-18T15:05:35Z,School shooting in Texas. Early reports not looking good. God bless all!,NA,FALSE,FALSE,NA,NA,https://pbs.twimg.com/profile_images/874276197357596672/kUuht00m_bigger.jpg,NA,38883,15029,85896
997474432443707393,realDonaldTrump,Donald J. Trump,https://twitter.com/realDonaldTrump/status/997474432443707393,2018-05-18T13:50:11Z,"Reports are there was indeed at least one FBI representative implanted, for political purposes, into my campaign for president. It took place very early on, and long before the phony Russia Hoax became a “hot” Fake News story. If true - all time biggest political scandal!",NA,FALSE,FALSE,NA,NA,https://pbs.twimg.com/profile_images/874276197357596672/kUuht00m_bigger.jpg,NA,23354,23834,81545
997471413266247681,realDonaldTrump,Donald J. Trump,https://twitter.com/realDonaldTrump/status/997471413266247681,2018-05-18T13:38:11Z,"Why isn’t disgraced FBI official Andrew McCabe being investigated for the $700,000 Crooked Hillary Democrats in Virginia, led by Clinton best friend Terry M (under FBI investigation that they killed) gave to McCabe’s wife in her run for office? Then dropped case on Clinton!",NA,FALSE,FALSE,NA,NA,https://pbs.twimg.com/profile_images/874276197357596672/kUuht00m_bigger.jpg,NA,18463,20704,80553
997429518867591170,realDonaldTrump,Donald J. Trump,https://twitter.com/realDonaldTrump/status/997429518867591170,2018-05-18T10:51:43Z,"Fake News Media had me calling Immigrants, or Illegal Immigrants, “Animals.” Wrong! They were begrudgingly forced to withdraw their stories. I referred to MS 13 Gang Members as “Animals,” a big difference - and so true. Fake News got it purposely wrong, as usual!",NA,FALSE,FALSE,NA,NA,https://pbs.twimg.com/profile_images/874276197357596672/kUuht00m_bigger.jpg,NA,22569,37367,145741
997422764909912065,realDonaldTrump,Donald J. Trump,https://twitter.com/realDonaldTrump/status/997422764909912065,2018-05-18T10:24:53Z,"“Apparently the DOJ put a Spy in the Trump Campaign. This has never been done before and by any means necessary, they are out to frame Donald Trump for crimes he didn’t commit.”  David Asman  @LouDobbs @GreggJarrett   Really bad stuff!",NA,FALSE,FALSE,NA,NA,https://pbs.twimg.com/profile_images/874276197357596672/kUuht00m_bigger.jpg,NA,16123,18469,68567
997239623268085761,realDonaldTrump,Donald J. Trump,https://twitter.com/realDonaldTrump/status/997239623268085761,2018-05-17T22:17:08Z,It was my great honor to visit with our HEROES last night at Walter Reed Medical Center. There is nobody like them!,NA,FALSE,FALSE,NA,NA,https://pbs.twimg.com/profile_images/874276197357596672/kUuht00m_bigger.jpg,/realDonaldTrump/status/997239623268085761/photo/1,5781,11615,65750
997238932311068674,realDonaldTrump,Donald J. Trump,https://twitter.com/realDonaldTrump/status/997238932311068674,2018-05-17T22:14:23Z,"Tomorrow, the House will vote on a strong Farm Bill, which includes work requirements. We must support our Nation’s great farmers!",NA,FALSE,FALSE,NA,NA,https://pbs.twimg.com/profile_images/874276197357596672/kUuht00m_bigger.jpg,NA,6671,12454,66856
997233764689498112,realDonaldTrump,Donald J. Trump,https://twitter.com/realDonaldTrump/status/997233764689498112,2018-05-17T21:53:51Z,Great talk with my friend President Mauricio Macri of Argentina this week. He is doing such a good job for Argentina. I support his vision for transforming his country’s economy and unleashing its potential!,NA,FALSE,FALSE,NA,NA,https://pbs.twimg.com/profile_images/874276197357596672/kUuht00m_bigger.jpg,NA,6126,14849,75846
997227223638790144,realDonaldTrump,Donald J. Trump,https://twitter.com/realDonaldTrump/status/997227223638790144,2018-05-17T21:27:52Z,"Talking trade with the Vice Premier of the People’s Republic of China, Liu He.",NA,FALSE,FALSE,NA,NA,https://pbs.twimg.com/profile_images/874276197357596672/kUuht00m_bigger.jpg,/realDonaldTrump/status/997227223638790144/photo/1,4220,6946,39370
997220260259487744,realDonaldTrump,Donald J. Trump,https://twitter.com/realDonaldTrump/status/997220260259487744,2018-05-17T21:00:12Z,"Congratulations to our new CIA Director, Gina Haspel!",NA,FALSE,FALSE,NA,NA,https://pbs.twimg.com/profile_images/874276197357596672/kUuht00m_bigger.jpg,/realDonaldTrump/status/997220260259487744/photo/1,7432,16334,76260
997136144465842177,realDonaldTrump,Donald J. Trump,https://twitter.com/realDonaldTrump/status/997136144465842177,2018-05-17T15:25:57Z,Congrats to the House for passing the VA MISSION Act yesterday. Without this funding our veterans will be forced to stand in never ending lines in order to receive care. Putting politics over our veterans care is UNACCEPTABLE – Senate must vote yes on this bill by Memorial Day!,NA,FALSE,FALSE,NA,NA,https://pbs.twimg.com/profile_images/874276197357596672/kUuht00m_bigger.jpg,NA,6399,16723,73402
997112687799697408,realDonaldTrump,Donald J. Trump,https://twitter.com/realDonaldTrump/status/997112687799697408,2018-05-17T13:52:44Z,"Despite the disgusting, illegal and unwarranted Witch Hunt, we have had the most successful first 17 month Administration in U.S. history - by far! Sorry to the Fake News Media and “Haters,” but that’s the way it is!",NA,FALSE,FALSE,NA,NA,https://pbs.twimg.com/profile_images/874276197357596672/kUuht00m_bigger.jpg,NA,38037,27898,124592
997095653875617792,realDonaldTrump,Donald J. Trump,https://twitter.com/realDonaldTrump/status/997095653875617792,2018-05-17T12:45:03Z,"Wow, word seems to be coming out that the Obama FBI “SPIED ON THE TRUMP CAMPAIGN WITH AN EMBEDDED INFORMANT.” Andrew McCarthy says, “There’s probably no doubt that they had at least one confidential informant in the campaign.” If so, this is bigger than Watergate!",NA,FALSE,FALSE,NA,NA,https://pbs.twimg.com/profile_images/874276197357596672/kUuht00m_bigger.jpg,NA,33749,29531,104506
997076300476055552,realDonaldTrump,Donald J. Trump,https://twitter.com/realDonaldTrump/status/997076300476055552,2018-05-17T11:28:09Z,"Congratulations America, we are now into the second year of the greatest Witch Hunt in American History...and there is still No Collusion and No Obstruction. The only Collusion was that done by Democrats who were unable to win an Election despite the spending of far more money!",NA,FALSE,FALSE,NA,NA,https://pbs.twimg.com/profile_images/874276197357596672/kUuht00m_bigger.jpg,NA,35838,25947,113909
996887371210788864,realDonaldTrump,Donald J. Trump,https://twitter.com/realDonaldTrump/status/996887371210788864,2018-05-16T22:57:25Z,Gina Haspel is one step closer to leading our brave men and women at the CIA. She is exceptionally qualified and the Senate should confirm her immediately. We need her to keep our great country safe! #ConfirmGina,NA,FALSE,FALSE,NA,NA,https://pbs.twimg.com/profile_images/874276197357596672/kUuht00m_bigger.jpg,NA,10181,14816,74783
996822740320575488,realDonaldTrump,Donald J. Trump,https://twitter.com/realDonaldTrump/status/996822740320575488,2018-05-16T18:40:36Z,"...and voted against the massive Tax Cut Bill. He’s also weak on borders and crime. Sadly, our great Military and Vets mean nothing to Bobby Jr. Lou Barletta will win! #MAGA",NA,FALSE,FALSE,NA,NA,https://pbs.twimg.com/profile_images/874276197357596672/kUuht00m_bigger.jpg,NA,6554,8199,40488
996822738101825538,realDonaldTrump,Donald J. Trump,https://twitter.com/realDonaldTrump/status/996822738101825538,2018-05-16T18:40:35Z,"Lou Barletta will be a great Senator for Pennsylvania but his opponent, Bob Casey, has been a do-nothing Senator who only shows up at election time. He votes along the Nancy Pelosi, Elizabeth Warren lines, loves sanctuary cities, bad and expensive healthcare...",NA,FALSE,FALSE,NA,NA,https://pbs.twimg.com/profile_images/874276197357596672/kUuht00m_bigger.jpg,NA,5982,12391,52531
996810253126787073,realDonaldTrump,Donald J. Trump,https://twitter.com/realDonaldTrump/status/996810253126787073,2018-05-16T17:50:58Z,"Today, it was my great honor to welcome President Mirziyoyev of Uzbekistan to the @WhiteHouse!",NA,FALSE,FALSE,NA,NA,https://pbs.twimg.com/profile_images/874276197357596672/kUuht00m_bigger.jpg,NA,3952,7349,41996
996802784090640385,realDonaldTrump,Donald J. Trump,https://twitter.com/realDonaldTrump/status/996802784090640385,2018-05-16T17:21:18Z,"House votes today on Choice/MISSION Act. Who will stand with our Great Vets, caregivers, and Veterans Service Organizations? Must get Choice passed by Memorial Day!",NA,FALSE,FALSE,NA,NA,https://pbs.twimg.com/profile_images/874276197357596672/kUuht00m_bigger.jpg,NA,4887,13093,62911
996739376028835840,realDonaldTrump,Donald J. Trump,https://twitter.com/realDonaldTrump/status/996739376028835840,2018-05-16T13:09:20Z,"...haven’t even started yet! The U.S. has very little to give, because it has given so much over the years. China has much to give!",NA,FALSE,FALSE,NA,NA,https://pbs.twimg.com/profile_images/874276197357596672/kUuht00m_bigger.jpg,NA,7232,8224,43316
996739374619426816,realDonaldTrump,Donald J. Trump,https://twitter.com/realDonaldTrump/status/996739374619426816,2018-05-16T13:09:20Z,"...We have not seen China’s demands yet, which should be few in that previous U.S. Administrations have done so poorly in negotiating. China has seen our demands. There has been no folding as the media would love people to believe, the meetings...",NA,FALSE,FALSE,NA,NA,https://pbs.twimg.com/profile_images/874276197357596672/kUuht00m_bigger.jpg,NA,2816,7738,40092
996739372723638272,realDonaldTrump,Donald J. Trump,https://twitter.com/realDonaldTrump/status/996739372723638272,2018-05-16T13:09:19Z,The Washington Post and CNN have typically written false stories about our trade negotiations with China. Nothing has happened with ZTE except as it pertains to the larger trade deal. Our country has been losing hundreds of billions of dollars a year with China...,NA,FALSE,FALSE,NA,NA,https://pbs.twimg.com/profile_images/874276197357596672/kUuht00m_bigger.jpg,NA,9022,11606,53424
996728397362540545,realDonaldTrump,Donald J. Trump,https://twitter.com/realDonaldTrump/status/996728397362540545,2018-05-16T12:25:42Z,Congratulations to Deb Fischer. The people of Nebraska have seen what a great job she is doing - and it showed up at the ballot box! #MAGA,NA,FALSE,FALSE,NA,NA,https://pbs.twimg.com/profile_images/874276197357596672/kUuht00m_bigger.jpg,NA,3313,10563,59361
996723907867676673,realDonaldTrump,Donald J. Trump,https://twitter.com/realDonaldTrump/status/996723907867676673,2018-05-16T12:07:52Z,"Congratulations to Lou Barletta of Pennsylvania. He will be a great Senator and will represent his people well - like they haven’t been represented in many years. Lou is a friend of mine and a special guy, he will very much help MAKE AMERICA GREAT AGAIN!",NA,FALSE,FALSE,NA,NA,https://pbs.twimg.com/profile_images/874276197357596672/kUuht00m_bigger.jpg,NA,6867,15096,79305
996487798759854082,realDonaldTrump,Donald J. Trump,https://twitter.com/realDonaldTrump/status/996487798759854082,2018-05-15T20:29:39Z,Thank you to the Washington Examiner and @CortesSteve on the great article - on WINNING!,NA,FALSE,FALSE,NA,NA,https://pbs.twimg.com/profile_images/874276197357596672/kUuht00m_bigger.jpg,https://t.co/b5dfUABN5q?amp=1,10816,10191,44345
996464466702274561,realDonaldTrump,Donald J. Trump,https://twitter.com/realDonaldTrump/status/996464466702274561,2018-05-15T18:56:56Z,#PeaceOfficersMemorialDay,NA,FALSE,FALSE,NA,NA,https://pbs.twimg.com/profile_images/874276197357596672/kUuht00m_bigger.jpg,NA,3503,9603,45218
996460197005717504,realDonaldTrump,Donald J. Trump,https://twitter.com/realDonaldTrump/status/996460197005717504,2018-05-15T18:39:58Z,Today is one of the most important and solemn occasions of the year – the day we pay tribute to the Law Enforcement Heroes who gave their lives in the line of duty. They made the ultimate sacrifice so that we could live in safety and peace. We stand with our police (HEROES) 100%!,NA,FALSE,FALSE,NA,NA,https://pbs.twimg.com/profile_images/874276197357596672/kUuht00m_bigger.jpg,NA,6305,16319,76261
996442654568341505,realDonaldTrump,Donald J. Trump,https://twitter.com/realDonaldTrump/status/996442654568341505,2018-05-15T17:30:16Z,Nebraska - make sure you get out to the polls and VOTE for Deb Fischer today!,NA,TRUE,FALSE,@DebFischerNE,"Today's the day! Make sure to go out and vote before the polls close (8pm CT, 7pm MT). RT if you voted for Deb! #NEsen",https://pbs.twimg.com/profile_images/874276197357596672/kUuht00m_bigger.jpg,/DebFischerNE/status/996371820512194560/photo/1,4192,10333,42018
996391840860471296,realDonaldTrump,Donald J. Trump,https://twitter.com/realDonaldTrump/status/996391840860471296,2018-05-15T14:08:21Z,"Can you believe that with all of the made up, unsourced stories I get from the Fake News Media, together with the  $10,000,000 Russian Witch Hunt (there is no Collusion), I now have my best Poll Numbers in a year. Much of the Media may be corrupt, but the People truly get it!",NA,FALSE,FALSE,NA,NA,https://pbs.twimg.com/profile_images/874276197357596672/kUuht00m_bigger.jpg,NA,29773,27676,127612
996368474556583937,realDonaldTrump,Donald J. Trump,https://twitter.com/realDonaldTrump/status/996368474556583937,2018-05-15T12:35:30Z,"Trade negotiations are continuing with China. They have been making hundreds of billions of dollars a year from the U.S., for many years. Stay tuned!",NA,FALSE,FALSE,NA,NA,https://pbs.twimg.com/profile_images/874276197357596672/kUuht00m_bigger.jpg,NA,10525,12833,71094
996366330436648960,realDonaldTrump,Donald J. Trump,https://twitter.com/realDonaldTrump/status/996366330436648960,2018-05-15T12:26:59Z,Our great First Lady is doing really well. Will be leaving hospital in 2 or 3 days. Thank you for so much love and support!,NA,FALSE,FALSE,NA,NA,https://pbs.twimg.com/profile_images/874276197357596672/kUuht00m_bigger.jpg,NA,12270,18327,145718
996135379802755072,realDonaldTrump,Donald J. Trump,https://twitter.com/realDonaldTrump/status/996135379802755072,2018-05-14T21:09:16Z,"Heading over to Walter Reed Medical Center to see our great First Lady, Melania. Successful procedure, she is in good spirits. Thank you to all of the well-wishers!",NA,FALSE,FALSE,NA,NA,https://pbs.twimg.com/profile_images/874276197357596672/kUuht00m_bigger.jpg,NA,20185,19743,136496
996129630913482755,realDonaldTrump,Donald J. Trump,https://twitter.com/realDonaldTrump/status/996129630913482755,2018-05-14T20:46:25Z,"The so-called leaks coming out of the White House are a massive over  exaggeration put out by the Fake News Media in order to make us look as bad as possible. With that being said, leakers are traitors and cowards, and we will find out who they are!",NA,FALSE,FALSE,NA,NA,https://pbs.twimg.com/profile_images/874276197357596672/kUuht00m_bigger.jpg,NA,42206,23289,108613
996119678551552000,realDonaldTrump,Donald J. Trump,https://twitter.com/realDonaldTrump/status/996119678551552000,2018-05-14T20:06:53Z,"ZTE, the large Chinese phone company, buys a big percentage of individual parts from U.S. companies. This is also reflective of the larger trade deal we are negotiating with China and my personal relationship with President Xi.",NA,FALSE,FALSE,NA,NA,https://pbs.twimg.com/profile_images/874276197357596672/kUuht00m_bigger.jpg,NA,12304,10893,57374
996046634864791557,realDonaldTrump,Donald J. Trump,https://twitter.com/realDonaldTrump/status/996046634864791557,2018-05-14T15:16:38Z,#USEmbassyJerusalem http://pscp.tv/w/1kvJpWoqeLdGE,NA,FALSE,FALSE,NA,NA,https://pbs.twimg.com/profile_images/874276197357596672/kUuht00m_bigger.jpg,NA,10536,13825,58512
996021417622851584,realDonaldTrump,Donald J. Trump,https://twitter.com/realDonaldTrump/status/996021417622851584,2018-05-14T13:36:25Z,Big day for Israel. Congratulations!,NA,FALSE,FALSE,NA,NA,https://pbs.twimg.com/profile_images/874276197357596672/kUuht00m_bigger.jpg,NA,31715,27161,151738
995980604016611329,realDonaldTrump,Donald J. Trump,https://twitter.com/realDonaldTrump/status/995980604016611329,2018-05-14T10:54:15Z,U.S. Embassy opening in Jerusalem will be covered live on @FoxNews & @FoxBusiness. Lead up to 9:00 A.M. (eastern) event has already begun. A great day for Israel!,NA,FALSE,FALSE,NA,NA,https://pbs.twimg.com/profile_images/874276197357596672/kUuht00m_bigger.jpg,NA,13303,15362,77509
995816799341088770,realDonaldTrump,Donald J. Trump,https://twitter.com/realDonaldTrump/status/995816799341088770,2018-05-14T00:03:21Z,"So sad to see the Terror Attack in Paris. At some point countries will have to open their eyes & see what is really going on. This kind of sickness & hatred is not compatible with a loving, peaceful, & successful country! Changes to our thought process on terror must be made.",NA,FALSE,FALSE,NA,NA,https://pbs.twimg.com/profile_images/874276197357596672/kUuht00m_bigger.jpg,NA,16448,26950,121443
995758467645353985,realDonaldTrump,Donald J. Trump,https://twitter.com/realDonaldTrump/status/995758467645353985,2018-05-13T20:11:33Z,"Remember how badly Iran was behaving with the Iran Deal in place. They were trying to take over the Middle East by whatever means necessary. Now, that will not happen!",NA,FALSE,FALSE,NA,NA,https://pbs.twimg.com/profile_images/874276197357596672/kUuht00m_bigger.jpg,NA,17694,23967,113093
995746011321597953,realDonaldTrump,Donald J. Trump,https://twitter.com/realDonaldTrump/status/995746011321597953,2018-05-13T19:22:03Z,"China and the United States are working well together on trade, but past negotiations have been so one sided in favor of China, for so many years, that it is hard for them to make a deal that benefits both countries. But be cool, it will all work out!",NA,FALSE,FALSE,NA,NA,https://pbs.twimg.com/profile_images/874276197357596672/kUuht00m_bigger.jpg,NA,10384,17204,91859
995680316458262533,realDonaldTrump,Donald J. Trump,https://twitter.com/realDonaldTrump/status/995680316458262533,2018-05-13T15:01:00Z,"President Xi of China, and I, are working together to give massive Chinese phone company, ZTE, a way to get back into business, fast. Too many jobs in China lost. Commerce Department has been instructed to get it done!",NA,FALSE,FALSE,NA,NA,https://pbs.twimg.com/profile_images/874276197357596672/kUuht00m_bigger.jpg,NA,27617,15172,76637
995642096676671495,realDonaldTrump,Donald J. Trump,https://twitter.com/realDonaldTrump/status/995642096676671495,2018-05-13T12:29:08Z,Happy Mother’s Day!!!,NA,FALSE,FALSE,NA,NA,https://pbs.twimg.com/profile_images/874276197357596672/kUuht00m_bigger.jpg,NA,17322,25694,119960
995428472674758656,realDonaldTrump,Donald J. Trump,https://twitter.com/realDonaldTrump/status/995428472674758656,2018-05-12T22:20:16Z,"The Senate should get funding done before the August break, or NOT GO HOME. Wall and Border Security should be included. Also waiting for approval of almost 300 nominations, worst in history. Democrats are doing everything possible to obstruct, all they know how to do. STAY!",NA,FALSE,FALSE,NA,NA,https://pbs.twimg.com/profile_images/874276197357596672/kUuht00m_bigger.jpg,NA,23091,27541,105306
995424104286179328,realDonaldTrump,Donald J. Trump,https://twitter.com/realDonaldTrump/status/995424104286179328,2018-05-12T22:02:55Z,Iran’s Military Budget is up more than 40% since the Obama negotiated Nuclear Deal was reached...just another indicator that it was all a big lie. But not anymore!,NA,FALSE,FALSE,NA,NA,https://pbs.twimg.com/profile_images/874276197357596672/kUuht00m_bigger.jpg,NA,13326,24131,101171
995410516129538048,realDonaldTrump,Donald J. Trump,https://twitter.com/realDonaldTrump/status/995410516129538048,2018-05-12T21:08:55Z,"North Korea has announced that they will dismantle Nuclear Test Site this month, ahead of the big Summit Meeting on June 12th. Thank you, a very smart and gracious gesture!",NA,FALSE,FALSE,NA,NA,https://pbs.twimg.com/profile_images/874276197357596672/kUuht00m_bigger.jpg,NA,14285,29604,148026
995088584221839360,realDonaldTrump,Donald J. Trump,https://twitter.com/realDonaldTrump/status/995088584221839360,2018-05-11T23:49:40Z,"Why doesn’t the Fake News Media state that the Trump Administration’s Anti-Trust Division has been, and is, opposed to the AT&T purchase of Time Warner in a currently ongoing Trial. Such a disgrace in reporting!",NA,FALSE,FALSE,NA,NA,https://pbs.twimg.com/profile_images/874276197357596672/kUuht00m_bigger.jpg,NA,22373,19666,85233
995085901079433219,realDonaldTrump,Donald J. Trump,https://twitter.com/realDonaldTrump/status/995085901079433219,2018-05-11T23:39:01Z,Big week next week when the American Embassy in Israel will be moved to Jerusalem. Congratulations to all!,NA,FALSE,FALSE,NA,NA,https://pbs.twimg.com/profile_images/874276197357596672/kUuht00m_bigger.jpg,NA,13181,26872,132291
995044981768425477,realDonaldTrump,Donald J. Trump,https://twitter.com/realDonaldTrump/status/995044981768425477,2018-05-11T20:56:25Z,"The American people deserve a healthcare system that takes care of them – not one that takes advantage of them. We will work every day to ensure all Americans have access to the quality, affordable medication they need and deserve. We will not rest until the job is done!",NA,FALSE,FALSE,NA,NA,https://pbs.twimg.com/profile_images/874276197357596672/kUuht00m_bigger.jpg,NA,14169,17504,79459
995023303906652160,realDonaldTrump,Donald J. Trump,https://twitter.com/realDonaldTrump/status/995023303906652160,2018-05-11T19:30:16Z,"Today, my Administration is launching the most sweeping action in history to lower the price of prescription drugs for the American People. We will have tougher negotiation, more competition, and much lower prices at the pharmacy counter!",NA,FALSE,FALSE,NA,NA,https://pbs.twimg.com/profile_images/874276197357596672/kUuht00m_bigger.jpg,https://t.co/xdakX43a4d?amp=1,10729,19489,84263
994741305908649985,realDonaldTrump,Donald J. Trump,https://twitter.com/realDonaldTrump/status/994741305908649985,2018-05-11T00:49:43Z,Thank you Indiana! #MAGA,NA,FALSE,FALSE,NA,NA,https://pbs.twimg.com/profile_images/874276197357596672/kUuht00m_bigger.jpg,https://t.co/fCv76VyUax?amp=1,12152,15438,75070
994587349718847489,realDonaldTrump,Donald J. Trump,https://twitter.com/realDonaldTrump/status/994587349718847489,2018-05-10T14:37:57Z,The highly anticipated meeting between Kim Jong Un and myself will take place in Singapore on June 12th. We will both try to make it a very special moment for World Peace!,NA,FALSE,FALSE,NA,NA,https://pbs.twimg.com/profile_images/874276197357596672/kUuht00m_bigger.jpg,NA,23313,54585,216839
994586105822564353,realDonaldTrump,Donald J. Trump,https://twitter.com/realDonaldTrump/status/994586105822564353,2018-05-10T14:33:00Z,Five Most Wanted leaders of ISIS just captured!,NA,FALSE,FALSE,NA,NA,https://pbs.twimg.com/profile_images/874276197357596672/kUuht00m_bigger.jpg,NA,16185,59320,275804
994585463380987904,realDonaldTrump,Donald J. Trump,https://twitter.com/realDonaldTrump/status/994585463380987904,2018-05-10T14:30:27Z,"Senator Cryin’ Chuck Schumer fought hard against the Bad Iran Deal, even going at it with President Obama, & then Voted AGAINST it! Now he says I should not have terminated the deal - but he doesn’t really believe that! Same with Comey. Thought he was terrible until I fired him!",NA,FALSE,FALSE,NA,NA,https://pbs.twimg.com/profile_images/874276197357596672/kUuht00m_bigger.jpg,NA,20075,23121,96517
994517833357946882,realDonaldTrump,Donald J. Trump,https://twitter.com/realDonaldTrump/status/994517833357946882,2018-05-10T10:01:43Z,"On behalf of the American people, WELCOME HOME!",NA,FALSE,FALSE,NA,NA,https://pbs.twimg.com/profile_images/874276197357596672/kUuht00m_bigger.jpg,NA,15332,43543,175076
994401394441453569,realDonaldTrump,Donald J. Trump,https://twitter.com/realDonaldTrump/status/994401394441453569,2018-05-10T02:19:02Z,Gina Haspel did a spectacular job today. There is nobody even close to run the CIA!,NA,FALSE,FALSE,NA,NA,https://pbs.twimg.com/profile_images/874276197357596672/kUuht00m_bigger.jpg,NA,9629,16480,87551
994346538028675072,realDonaldTrump,Donald J. Trump,https://twitter.com/realDonaldTrump/status/994346538028675072,2018-05-09T22:41:03Z,Looking forward to greeting the Hostages (no longer) at 2:00 A.M.,NA,FALSE,FALSE,NA,NA,https://pbs.twimg.com/profile_images/874276197357596672/kUuht00m_bigger.jpg,NA,10686,15720,99124
994345813064192012,realDonaldTrump,Donald J. Trump,https://twitter.com/realDonaldTrump/status/994345813064192012,2018-05-09T22:38:10Z,"The Failing New York Times criticized Secretary of State Pompeo for being AWOL (missing), when in fact he was flying to North Korea. Fake News, so bad!",NA,FALSE,FALSE,NA,NA,https://pbs.twimg.com/profile_images/874276197357596672/kUuht00m_bigger.jpg,NA,10650,22732,95452
994194233111273472,realDonaldTrump,Donald J. Trump,https://twitter.com/realDonaldTrump/status/994194233111273472,2018-05-09T12:35:51Z,Secretary Pompeo and his “guests” will be landing at Andrews Air Force Base at 2:00 A.M. in the morning. I will be there to greet them. Very exciting!,NA,FALSE,FALSE,NA,NA,https://pbs.twimg.com/profile_images/874276197357596672/kUuht00m_bigger.jpg,NA,14426,24005,109895
994192995737096192,realDonaldTrump,Donald J. Trump,https://twitter.com/realDonaldTrump/status/994192995737096192,2018-05-09T12:30:56Z,"I am pleased to inform you that Secretary of State Mike Pompeo is in the air and on his way back from North Korea with the 3 wonderful gentlemen that everyone is looking so forward to meeting. They seem to be in good health. Also, good meeting with Kim Jong Un. Date & Place set.",NA,FALSE,FALSE,NA,NA,https://pbs.twimg.com/profile_images/874276197357596672/kUuht00m_bigger.jpg,NA,13879,39298,153503
994185337504137216,realDonaldTrump,Donald J. Trump,https://twitter.com/realDonaldTrump/status/994185337504137216,2018-05-09T12:00:30Z,"Congratulations to Mike Dewine on his big win in the Great State of Ohio. He will be a great Governor with a heavy focus on HealthCare and Jobs.  His Socialist opponent in November should not do well, a big failure in last job!",NA,FALSE,FALSE,NA,NA,https://pbs.twimg.com/profile_images/874276197357596672/kUuht00m_bigger.jpg,NA,5733,11794,60265
994182263960162304,realDonaldTrump,Donald J. Trump,https://twitter.com/realDonaldTrump/status/994182263960162304,2018-05-09T11:48:17Z,"Candace Owens of Turning Point USA is having a big impact on politics in our Country. She represents an ever expanding group of very smart “thinkers,” and it is wonderful to watch and hear the dialogue going on...so good for our Country!",NA,FALSE,FALSE,NA,NA,https://pbs.twimg.com/profile_images/874276197357596672/kUuht00m_bigger.jpg,NA,7991,29029,124099
994179864436596736,realDonaldTrump,Donald J. Trump,https://twitter.com/realDonaldTrump/status/994179864436596736,2018-05-09T11:38:45Z,"The Fake News is working overtime. Just reported that, despite the tremendous success we are having with the economy & all things else, 91% of the Network News about me is negative (Fake). Why do we work so hard in working with the media when it is corrupt? Take away credentials?",NA,FALSE,FALSE,NA,NA,https://pbs.twimg.com/profile_images/874276197357596672/kUuht00m_bigger.jpg,NA,52425,23926,108673
994176238846664706,realDonaldTrump,Donald J. Trump,https://twitter.com/realDonaldTrump/status/994176238846664706,2018-05-09T11:24:20Z,"The Republican Party had a great night. Tremendous voter energy and excitement, and all candidates are those who have a great chance of winning in November. The Economy is sooo strong, and with Nancy Pelosi wanting to end the big Tax Cuts and Raise Taxes, why wouldn’t we win?",NA,FALSE,FALSE,NA,NA,https://pbs.twimg.com/profile_images/874276197357596672/kUuht00m_bigger.jpg,NA,9094,16650,75465
993976643898281984,realDonaldTrump,Donald J. Trump,https://twitter.com/realDonaldTrump/status/993976643898281984,2018-05-08T22:11:13Z,"The Iran Deal is defective at its core. If we do nothing, we know what will happen. In just a short time, the world’s leading state sponsor of terror will be on the cusp of acquiring the world’s most dangerous weapons....",NA,FALSE,FALSE,NA,NA,https://pbs.twimg.com/profile_images/874276197357596672/kUuht00m_bigger.jpg,NA,26956,21069,86610
993926510003277825,realDonaldTrump,Donald J. Trump,https://twitter.com/realDonaldTrump/status/993926510003277825,2018-05-08T18:52:00Z,Statement on the Iran Nuclear Deal:,NA,FALSE,FALSE,NA,NA,https://pbs.twimg.com/profile_images/874276197357596672/kUuht00m_bigger.jpg,https://t.co/O3SpryCKkc?amp=1,21161,23769,81526
993815373190492160,realDonaldTrump,Donald J. Trump,https://twitter.com/realDonaldTrump/status/993815373190492160,2018-05-08T11:30:23Z,"John Kerry can’t get over the fact that he had his chance and blew it! Stay away from negotiations John, you are hurting your country!",NA,FALSE,FALSE,NA,NA,https://pbs.twimg.com/profile_images/874276197357596672/kUuht00m_bigger.jpg,NA,24897,29057,124477
993813485745295360,realDonaldTrump,Donald J. Trump,https://twitter.com/realDonaldTrump/status/993813485745295360,2018-05-08T11:22:53Z,"I will be speaking to my friend, President Xi of China, this morning at 8:30. The primary topics will be Trade, where good things will happen, and North Korea, where relationships and trust are building.",NA,FALSE,FALSE,NA,NA,https://pbs.twimg.com/profile_images/874276197357596672/kUuht00m_bigger.jpg,NA,8390,14721,78562
993810085540491264,realDonaldTrump,Donald J. Trump,https://twitter.com/realDonaldTrump/status/993810085540491264,2018-05-08T11:09:23Z,"Gina Haspel, my highly respected nominee to lead the CIA, is being praised for the fact that she has been, and alway will be, TOUGH ON TERROR! This is a woman who has been a leader wherever she has gone. The CIA wants her to lead them into America’s  bright and glorious future!",NA,FALSE,FALSE,NA,NA,https://pbs.twimg.com/profile_images/874276197357596672/kUuht00m_bigger.jpg,NA,8395,18017,83313
993562242124865536,realDonaldTrump,Donald J. Trump,https://twitter.com/realDonaldTrump/status/993562242124865536,2018-05-07T18:44:32Z,I will be announcing my decision on the Iran Deal tomorrow from the White House at 2:00pm.,NA,FALSE,FALSE,NA,NA,https://pbs.twimg.com/profile_images/874276197357596672/kUuht00m_bigger.jpg,NA,25132,23298,100549
993541175511527425,realDonaldTrump,Donald J. Trump,https://twitter.com/realDonaldTrump/status/993541175511527425,2018-05-07T17:20:50Z,"National Prescription Drug #TakeBackDay numbers are in! Another record broken: nearly 1 MILLION pounds of Rx pills disposed! Let’s keep fighting this opioid epidemic, America!",NA,FALSE,FALSE,NA,NA,https://pbs.twimg.com/profile_images/874276197357596672/kUuht00m_bigger.jpg,NA,6961,11841,60646
993492804985872385,realDonaldTrump,Donald J. Trump,https://twitter.com/realDonaldTrump/status/993492804985872385,2018-05-07T14:08:37Z,The United States does not need John Kerry’s possibly illegal Shadow Diplomacy on the very badly negotiated Iran Deal.  He was the one that created this MESS in the first place!,NA,FALSE,FALSE,NA,NA,https://pbs.twimg.com/profile_images/874276197357596672/kUuht00m_bigger.jpg,NA,19778,29414,107734
993484478633922560,realDonaldTrump,Donald J. Trump,https://twitter.com/realDonaldTrump/status/993484478633922560,2018-05-07T13:35:32Z,"Is this Phony Witch Hunt going to go on even longer so it wrongfully impacts the Mid-Term Elections, which is what the Democrats always intended? Republicans better get tough and smart before it is too late!",NA,FALSE,FALSE,NA,NA,https://pbs.twimg.com/profile_images/874276197357596672/kUuht00m_bigger.jpg,NA,24159,20212,86068
993483042177118208,realDonaldTrump,Donald J. Trump,https://twitter.com/realDonaldTrump/status/993483042177118208,2018-05-07T13:29:49Z,"Lisa Page, who may hold the record for the most Emails in the shortest period of time (to her Lover, Peter S), and attorney Baker, are out at the FBI as part of the Probers getting caught? Why is Peter S still there? What a total mess. Our Country has to get back to Business!",NA,FALSE,FALSE,NA,NA,https://pbs.twimg.com/profile_images/874276197357596672/kUuht00m_bigger.jpg,NA,14928,18620,79259
993476979893723137,realDonaldTrump,Donald J. Trump,https://twitter.com/realDonaldTrump/status/993476979893723137,2018-05-07T13:05:44Z,"Good luck to Ric Grenell, our new Ambassador to Germany. A great and talented guy, he will represent our Country well!",NA,FALSE,FALSE,NA,NA,https://pbs.twimg.com/profile_images/874276197357596672/kUuht00m_bigger.jpg,NA,3097,10245,59124
993475610377932801,realDonaldTrump,Donald J. Trump,https://twitter.com/realDonaldTrump/status/993475610377932801,2018-05-07T13:00:18Z,“The Great Revolt” by Salena Zito and Brad Todd does much to tell the story of our great Election victory. The Forgotten Men & Women are forgotten no longer!,NA,FALSE,FALSE,NA,NA,https://pbs.twimg.com/profile_images/874276197357596672/kUuht00m_bigger.jpg,NA,6125,10685,53216
993455375755173892,realDonaldTrump,Donald J. Trump,https://twitter.com/realDonaldTrump/status/993455375755173892,2018-05-07T11:39:53Z,The 13 Angry Democrats in charge of the Russian Witch Hunt are starting to find out that there is a Court System in place that actually protects people from injustice...and just wait ‘till the Courts get to see your unrevealed Conflicts of Interest!,NA,FALSE,FALSE,NA,NA,https://pbs.twimg.com/profile_images/874276197357596672/kUuht00m_bigger.jpg,NA,22997,25973,99511
993452275648679938,realDonaldTrump,Donald J. Trump,https://twitter.com/realDonaldTrump/status/993452275648679938,2018-05-07T11:27:34Z,"The Russia Witch Hunt is rapidly losing credibility. House Intelligence Committee found No Collusion, Coordination or anything else with Russia. So now the Probe says OK, what else is there? How about Obstruction for a made up, phony crime.There is no O, it’s called Fighting Back",NA,FALSE,FALSE,NA,NA,https://pbs.twimg.com/profile_images/874276197357596672/kUuht00m_bigger.jpg,NA,24662,18554,81799
993446539988217857,realDonaldTrump,Donald J. Trump,https://twitter.com/realDonaldTrump/status/993446539988217857,2018-05-07T11:04:47Z,"My highly respected nominee for CIA Director, Gina Haspel, has come under fire because she was too tough on Terrorists. Think of that, in these very dangerous times, we have the most qualified person, a woman, who Democrats want OUT because she is too tough on terror. Win Gina!",NA,FALSE,FALSE,NA,NA,https://pbs.twimg.com/profile_images/874276197357596672/kUuht00m_bigger.jpg,NA,12509,21495,83959
993443781281271808,realDonaldTrump,Donald J. Trump,https://twitter.com/realDonaldTrump/status/993443781281271808,2018-05-07T10:53:49Z,"To the great people of West Virginia we have, together, a really great chance to keep making a big difference. Problem is, Don Blankenship, currently running for Senate, can’t win the General Election in your State...No way! Remember Alabama. Vote Rep. Jenkins or A.G. Morrisey!",NA,FALSE,FALSE,NA,NA,https://pbs.twimg.com/profile_images/874276197357596672/kUuht00m_bigger.jpg,NA,7316,12824,53997
992880573025865729,realDonaldTrump,Donald J. Trump,https://twitter.com/realDonaldTrump/status/992880573025865729,2018-05-05T21:35:50Z,"Thank you Cleveland, Ohio!",NA,FALSE,FALSE,NA,NA,https://pbs.twimg.com/profile_images/874276197357596672/kUuht00m_bigger.jpg,https://t.co/ROEFRLY7jP?amp=1,11551,13957,70320
992562394051293186,realDonaldTrump,Donald J. Trump,https://twitter.com/realDonaldTrump/status/992562394051293186,2018-05-05T00:31:30Z,"Our high level delegation is on the way back from China where they had long meetings with Chinese leaders and business representatives. We will be meeting tomorrow to determine the results, but it is hard for China in that they have become very spoiled with U.S. trade wins!",NA,FALSE,FALSE,NA,NA,https://pbs.twimg.com/profile_images/874276197357596672/kUuht00m_bigger.jpg,NA,13202,15055,73307
992558888212946949,realDonaldTrump,Donald J. Trump,https://twitter.com/realDonaldTrump/status/992558888212946949,2018-05-05T00:17:34Z,"Just returned home to the beautiful White House, from Dallas, where the Arena was packed to the rafters with the great fans and supporters of the @NRA. It was so wonderful to be there!",NA,FALSE,FALSE,NA,NA,https://pbs.twimg.com/profile_images/874276197357596672/kUuht00m_bigger.jpg,NA,15650,15724,88308
992556495182155776,realDonaldTrump,Donald J. Trump,https://twitter.com/realDonaldTrump/status/992556495182155776,2018-05-05T00:08:03Z,"Great book just out by very successful businessman @AndyPuzder. Always known as somebody who knows how to win, “Capitalist Comeback” will be a big hit!",NA,FALSE,FALSE,NA,NA,https://pbs.twimg.com/profile_images/874276197357596672/kUuht00m_bigger.jpg,NA,6705,8365,46115
992538416196804608,realDonaldTrump,Donald J. Trump,https://twitter.com/realDonaldTrump/status/992538416196804608,2018-05-04T22:56:13Z,"I want to thank all of our friends and patriots at the @NRA. We will never fail, and we will always protect your Second Amendment! God Bless you, and God Bless America!",NA,FALSE,FALSE,NA,NA,https://pbs.twimg.com/profile_images/874276197357596672/kUuht00m_bigger.jpg,NA,13854,15688,67668
992524132884664321,realDonaldTrump,Donald J. Trump,https://twitter.com/realDonaldTrump/status/992524132884664321,2018-05-04T21:59:28Z,We are going to demand Congress secure the border in the upcoming CR. Illegal immigration must end!,NA,FALSE,FALSE,NA,NA,https://pbs.twimg.com/profile_images/874276197357596672/kUuht00m_bigger.jpg,NA,11609,21293,104822
992523949698412544,realDonaldTrump,Donald J. Trump,https://twitter.com/realDonaldTrump/status/992523949698412544,2018-05-04T21:58:44Z,Democrats and liberals in Congress want to disarm law-abiding Americans at the same time they are releasing dangerous criminal aliens and savage gang members onto our streets. Politicians who put criminal aliens before American Citizens should be voted out of office!,NA,FALSE,FALSE,NA,NA,https://pbs.twimg.com/profile_images/874276197357596672/kUuht00m_bigger.jpg,NA,27853,31570,119031
992503576852393985,realDonaldTrump,Donald J. Trump,https://twitter.com/realDonaldTrump/status/992503576852393985,2018-05-04T20:37:47Z,"All of us here today are united by the same timeless values. We believe that our liberty is a gift from our creator, and that no Government can ever take it away. We believe in the rule of law - and we support the men and women of law enforcement. We have pride in our history...",NA,FALSE,FALSE,NA,NA,https://pbs.twimg.com/profile_images/874276197357596672/kUuht00m_bigger.jpg,NA,12746,15944,66211
992395376039727104,realDonaldTrump,Donald J. Trump,https://twitter.com/realDonaldTrump/status/992395376039727104,2018-05-04T13:27:50Z,"JUST OUT: 3.9% Unemployment. 4% is Broken! In the meantime, WITCH HUNT!",NA,FALSE,FALSE,NA,NA,https://pbs.twimg.com/profile_images/874276197357596672/kUuht00m_bigger.jpg,NA,24749,26491,124548
992357529362583552,realDonaldTrump,Donald J. Trump,https://twitter.com/realDonaldTrump/status/992357529362583552,2018-05-04T10:57:26Z,Going to Dallas (the GREAT State of Texas) today. Leaving soon!,NA,FALSE,FALSE,NA,NA,https://pbs.twimg.com/profile_images/874276197357596672/kUuht00m_bigger.jpg,NA,13269,10697,75934
992354530510721025,realDonaldTrump,Donald J. Trump,https://twitter.com/realDonaldTrump/status/992354530510721025,2018-05-04T10:45:31Z,"NBC NEWS is wrong again! They cite “sources” which are constantly wrong. Problem is, like so many others, the sources probably don’t exist, they are fabricated, fiction! NBC, my former home with the Apprentice, is now as bad as Fake News CNN. Sad!",NA,FALSE,FALSE,NA,NA,https://pbs.twimg.com/profile_images/874276197357596672/kUuht00m_bigger.jpg,NA,18418,18022,78900
992352585863651329,realDonaldTrump,Donald J. Trump,https://twitter.com/realDonaldTrump/status/992352585863651329,2018-05-04T10:37:48Z,"Andy McCarthy will be on  @LouDobbs tonight. 7:00 P.M. , @FoxBusiness.",NA,FALSE,FALSE,NA,NA,https://pbs.twimg.com/profile_images/874276197357596672/kUuht00m_bigger.jpg,NA,3492,5219,29826
992350362450518016,realDonaldTrump,Donald J. Trump,https://twitter.com/realDonaldTrump/status/992350362450518016,2018-05-04T10:28:58Z,"Because Jobs in the U.S. are doing so well, Americans receiving unemployment aid is the lowest since 1973. Great!",NA,FALSE,FALSE,NA,NA,https://pbs.twimg.com/profile_images/874276197357596672/kUuht00m_bigger.jpg,NA,7953,19624,101145
992348740529815552,realDonaldTrump,Donald J. Trump,https://twitter.com/realDonaldTrump/status/992348740529815552,2018-05-04T10:22:31Z,"Our Southern Border is under siege. Congress must act now to change our weak and ineffective immigration laws. Must build a Wall. Mexico, which has a massive crime problem, is doing little to help!",NA,FALSE,FALSE,NA,NA,https://pbs.twimg.com/profile_images/874276197357596672/kUuht00m_bigger.jpg,NA,13983,16865,73611
992106689330663424,realDonaldTrump,Donald J. Trump,https://twitter.com/realDonaldTrump/status/992106689330663424,2018-05-03T18:20:41Z,#NationalDayOfPrayer,NA,FALSE,FALSE,NA,NA,https://pbs.twimg.com/profile_images/874276197357596672/kUuht00m_bigger.jpg,NA,11630,13718,62873
992083738531192833,realDonaldTrump,Donald J. Trump,https://twitter.com/realDonaldTrump/status/992083738531192833,2018-05-03T16:49:29Z,"This spring marks 4yrs since the Phoenix VA crisis. We won't forget what happened to our GREAT VETS. Choice is vital, but the program needs work & is running out of $. Congress must fix Choice Program by Memorial Day so VETS can get the care they deserve. I will sign immediately!",NA,FALSE,FALSE,NA,NA,https://pbs.twimg.com/profile_images/874276197357596672/kUuht00m_bigger.jpg,NA,8245,15277,69564
992078098974703616,realDonaldTrump,Donald J. Trump,https://twitter.com/realDonaldTrump/status/992078098974703616,2018-05-03T16:27:05Z,"Today, it was my great honor to celebrate the #NationalDayOfPrayer at the @WhiteHouse, in the Rose Garden! Proclamation: http://45.wh.gov/U33k7z",NA,FALSE,FALSE,NA,NA,https://pbs.twimg.com/profile_images/874276197357596672/kUuht00m_bigger.jpg,NA,8960,11699,56322
991995845120753664,realDonaldTrump,Donald J. Trump,https://twitter.com/realDonaldTrump/status/991995845120753664,2018-05-03T11:00:14Z,"...despite already having signed a detailed letter admitting that there was no affair. Prior to its violation by Ms. Clifford and her attorney, this was a private agreement. Money from the campaign, or campaign contributions, played no roll in this transaction.",NA,FALSE,FALSE,NA,NA,https://pbs.twimg.com/profile_images/874276197357596672/kUuht00m_bigger.jpg,NA,43091,15097,76258
991994433750142976,realDonaldTrump,Donald J. Trump,https://twitter.com/realDonaldTrump/status/991994433750142976,2018-05-03T10:54:38Z,"...very common among celebrities and people of wealth. In this case it is in full force and effect and will be used in Arbitration for damages against Ms. Clifford (Daniels). The agreement was used to stop the false and extortionist accusations made by her about an affair,......",NA,FALSE,FALSE,NA,NA,https://pbs.twimg.com/profile_images/874276197357596672/kUuht00m_bigger.jpg,NA,18401,14357,69203
991992302267785216,realDonaldTrump,Donald J. Trump,https://twitter.com/realDonaldTrump/status/991992302267785216,2018-05-03T10:46:09Z,"Mr. Cohen, an attorney, received a monthly retainer, not from the campaign and having nothing to do with the campaign, from which he entered into, through reimbursement, a private contract between two parties, known as a non-disclosure agreement, or NDA. These agreements are.....",NA,FALSE,FALSE,NA,NA,https://pbs.twimg.com/profile_images/874276197357596672/kUuht00m_bigger.jpg,NA,20675,14380,67284
991886413686861824,realDonaldTrump,Donald J. Trump,https://twitter.com/realDonaldTrump/status/991886413686861824,2018-05-03T03:45:24Z,Our great financial team is in China trying to negotiate a level playing field on trade! I look forward to being with President Xi in the not too distant future. We will always have a good (great) relationship!,NA,FALSE,FALSE,NA,NA,https://pbs.twimg.com/profile_images/874276197357596672/kUuht00m_bigger.jpg,NA,8530,13648,71108
991884309400342529,realDonaldTrump,Donald J. Trump,https://twitter.com/realDonaldTrump/status/991884309400342529,2018-05-03T03:37:02Z,"Ainsley Earnhardt, a truly great person, just wrote a wonderful book, “The Light Within Me,” which is doing really well. She is very special and so is her new book...bring it to number one!",NA,FALSE,FALSE,NA,NA,https://pbs.twimg.com/profile_images/874276197357596672/kUuht00m_bigger.jpg,NA,9503,14780,78240
991843153953964033,realDonaldTrump,Donald J. Trump,https://twitter.com/realDonaldTrump/status/991843153953964033,2018-05-03T00:53:30Z,"As everybody is aware, the past Administration has long been asking for three hostages to be released from a North Korean Labor camp, but to no avail. Stay tuned!",NA,FALSE,FALSE,NA,NA,https://pbs.twimg.com/profile_images/874276197357596672/kUuht00m_bigger.jpg,NA,20033,19859,96367
991809653980966913,realDonaldTrump,Donald J. Trump,https://twitter.com/realDonaldTrump/status/991809653980966913,2018-05-02T22:40:23Z,"“This isn’t some game. You are screwing with the work of the president of the United States.”  John Dowd, March 2018.  With North Korea, China, the Middle East and so much more, there is not much time to be thinking about this, especially since there was no Russian “Collusion.”",NA,FALSE,FALSE,NA,NA,https://pbs.twimg.com/profile_images/874276197357596672/kUuht00m_bigger.jpg,NA,27224,19973,83072
991776286489169920,realDonaldTrump,Donald J. Trump,https://twitter.com/realDonaldTrump/status/991776286489169920,2018-05-02T20:27:47Z,"I have been briefed on the U.S. C-130 “Hercules” cargo plane from the Puerto Rico National Guard that crashed near Savannah Hilton Head International Airport. Please join me in thoughts and prayers for the victims, their families and the great men and women of the National Guard.",NA,FALSE,FALSE,NA,NA,https://pbs.twimg.com/profile_images/874276197357596672/kUuht00m_bigger.jpg,NA,5841,17304,86242
991743358312861696,realDonaldTrump,Donald J. Trump,https://twitter.com/realDonaldTrump/status/991743358312861696,2018-05-02T18:16:56Z,Congratulations @SecPompeo!,NA,FALSE,FALSE,NA,NA,https://pbs.twimg.com/profile_images/874276197357596672/kUuht00m_bigger.jpg,NA,4796,11909,57787
991690248399794176,realDonaldTrump,Donald J. Trump,https://twitter.com/realDonaldTrump/status/991690248399794176,2018-05-02T14:45:54Z,A Rigged System - They don’t want to turn over Documents to Congress. What are they afraid of? Why so much redacting? Why such unequal “justice?” At some point I will have no choice but to use the powers granted to the Presidency and get involved!,NA,FALSE,FALSE,NA,NA,https://pbs.twimg.com/profile_images/874276197357596672/kUuht00m_bigger.jpg,NA,43152,27539,104420
991672075491438594,realDonaldTrump,Donald J. Trump,https://twitter.com/realDonaldTrump/status/991672075491438594,2018-05-02T13:33:41Z,NEW BOOK - A MUST READ! “The Russia Hoax - The Illicit Scheme to Clear Hillary Clinton and Frame Donald Trump” by the brilliant Fox News Legal Analyst Gregg Jarrett. A sad chapter for law enforcement. A rigged system!,NA,FALSE,FALSE,NA,NA,https://pbs.twimg.com/profile_images/874276197357596672/kUuht00m_bigger.jpg,NA,22354,21555,80535
991669454823141376,realDonaldTrump,Donald J. Trump,https://twitter.com/realDonaldTrump/status/991669454823141376,2018-05-02T13:23:17Z,"“The questions are an intrusion into the President’s Article 2  powers under the Constitution to fire any Executive Branch Employee...what the President was thinking is an outrageous.....as to the President’s unfettered power to fire anyone...” Joe Digenova, former US Attorney",NA,FALSE,FALSE,NA,NA,https://pbs.twimg.com/profile_images/874276197357596672/kUuht00m_bigger.jpg,NA,15546,15049,61359
991644756995444736,realDonaldTrump,Donald J. Trump,https://twitter.com/realDonaldTrump/status/991644756995444736,2018-05-02T11:45:08Z,"There was no Collusion (it is a Hoax) and there is no Obstruction of Justice (that is a setup & trap). What there is is Negotiations going on with North Korea over Nuclear War, Negotiations going on with China over Trade Deficits, Negotiations on NAFTA, and much more. Witch Hunt!",NA,FALSE,FALSE,NA,NA,https://pbs.twimg.com/profile_images/874276197357596672/kUuht00m_bigger.jpg,NA,28378,23272,98340
991402619552845825,realDonaldTrump,Donald J. Trump,https://twitter.com/realDonaldTrump/status/991402619552845825,2018-05-01T19:42:58Z,"Today, it was my great honor to thank and welcome heroic crew members and passengers of Southwest Airlines Flight 1380 at the @WhiteHouse!",NA,FALSE,FALSE,NA,NA,https://pbs.twimg.com/profile_images/874276197357596672/kUuht00m_bigger.jpg,NA,7517,13424,77791
991380274452803586,realDonaldTrump,Donald J. Trump,https://twitter.com/realDonaldTrump/status/991380274452803586,2018-05-01T18:14:11Z,Congratulations @ArmyWP_Football!,NA,FALSE,FALSE,NA,NA,https://pbs.twimg.com/profile_images/874276197357596672/kUuht00m_bigger.jpg,NA,2812,9428,50128
991360908868931585,realDonaldTrump,Donald J. Trump,https://twitter.com/realDonaldTrump/status/991360908868931585,2018-05-01T16:57:13Z,"Today I had the great honor of awarding the Commander-in-Chief’s Trophy, for the first time in 21 years, to the @ArmyWP_Football Black Knights at the @WhiteHouse. Congratulations!",NA,FALSE,FALSE,NA,NA,https://pbs.twimg.com/profile_images/874276197357596672/kUuht00m_bigger.jpg,https://t.co/KRQXR3xEES?amp=1,4541,11506,58099
991337381654654976,realDonaldTrump,Donald J. Trump,https://twitter.com/realDonaldTrump/status/991337381654654976,2018-05-01T15:23:44Z,"Yesterday, it was my great honor to welcome President @MBuhari of the Federal Republic of Nigeria to the @WhiteHouse!",NA,FALSE,FALSE,NA,NA,https://pbs.twimg.com/profile_images/874276197357596672/kUuht00m_bigger.jpg,NA,6274,11409,51463
991279620044591105,realDonaldTrump,Donald J. Trump,https://twitter.com/realDonaldTrump/status/991279620044591105,2018-05-01T11:34:13Z,It would seem very hard to obstruct justice for a crime that never happened! Witch Hunt!,NA,FALSE,FALSE,NA,NA,https://pbs.twimg.com/profile_images/874276197357596672/kUuht00m_bigger.jpg,NA,36425,23251,113972
991271009570484224,realDonaldTrump,Donald J. Trump,https://twitter.com/realDonaldTrump/status/991271009570484224,2018-05-01T11:00:00Z,"Delegation heading to China to begin talks on the Massive Trade Deficit that has been created with our Country. Very much like North Korea, this should have been fixed years ago, not now. Same with other countries and NAFTA...but it will all get done. Great Potential for USA!",NA,FALSE,FALSE,NA,NA,https://pbs.twimg.com/profile_images/874276197357596672/kUuht00m_bigger.jpg,NA,6548,15853,75681
991267863674675200,realDonaldTrump,Donald J. Trump,https://twitter.com/realDonaldTrump/status/991267863674675200,2018-05-01T10:47:30Z,"So disgraceful that the questions concerning the Russian Witch Hunt were “leaked” to the media. No questions on Collusion. Oh, I see...you have a made up, phony crime, Collusion, that never existed, and an investigation begun with illegally leaked classified information. Nice!",NA,FALSE,FALSE,NA,NA,https://pbs.twimg.com/profile_images/874276197357596672/kUuht00m_bigger.jpg,NA,39683,22684,99878
